Command,Time
go,1563522421.910695
go,1563522429.035397
go,1563522431.12556
cl,1563522433.283852
put,1563522435.159196
op,1563522439.806389
go,1563522441.961119
put,1563522446.676711
go,1563522451.431113
cl,1563522456.322264
op,1563522458.453509
go,1563522463.135101
cl,1563522465.577558
put,1563522467.735998
op,1563522472.308903
go,1563522474.470051
cl,1563522479.58029
put,1563522481.703182
op,1563522486.353541
rst,1563522491.605418
