Command,Time
rst,1556511450.641916
go,1556511462.838099
cl,1556511503.958172
put,1556511509.098061
op,1556511513.257767
go,1556511517.528719
cl,1556511521.768269
put,1556511524.85812
op,1556511529.358074
op,1556511531.738185
op,1556511534.147782
op,1556511543.577833
go,1556511548.887604
cl,1556511571.248229
put,1556511575.677898
op,1556511577.911
go,1556511586.15881
cl,1556511607.538239
put,1556511611.158062
op,1556511612.71319
go,1556511617.428161
cl,1556511627.91839
put,1556511637.057628
op,1556511638.999586
go,1556511653.218484
cl,1556511657.208258
put,1556511660.238343
op,1556511661.886115
go,1556511666.707992
cl,1556511671.517955
put,1556511674.438109
op,1556511676.950283
go,1556511681.518016
cl,1556511691.278135
cl,1556511736.13821
put,1556511743.59814
op,1556511746.527663
go,1556511755.15796
cl,1556511759.3784
cl,1556511772.007869
put,1556511775.098345
op,1556511777.151847
op,1556511785.870341
rst,1556511792.630016
