Command,Time
cl,1563574585.653082
go,1563574608.083026
cl,1563574612.158603
put,1563574614.065522
op,1563574618.202397
go,1563574621.727814
put,1563574625.978385
go,1563574630.402874
rst,1563574675.618757
