Command,Time
go,1563522519.870717
cl,1563522523.032029
put,1563522525.234778
op,1563522529.981903
go,1563522532.104892
cl,1563522536.569561
put,1563522538.7989
op,1563522543.592731
go,1563522545.710988
cl,1563522553.172563
put,1563522555.692547
op,1563522560.876344
go,1563522562.999092
cl,1563522567.496117
op,1563522569.868996
put,1563522574.269243
rst,1563522579.091377
